{"name":"992b5f32-a1be-4a14-8526-b7739eefb3d3","id":"/providers/Microsoft.Flow/flows/992b5f32-a1be-4a14-8526-b7739eefb3d3","type":"Microsoft.Flow/flows","properties":{"apiId":"/providers/Microsoft.PowerApps/apis/shared_logicflows","displayName":"Send notification when assigned for approval","definition":{"metadata":{"workflowEntityId":null,"processAdvisorMetadata":null,"flowclientsuspensionreason":"None","flowclientsuspensiontime":null,"creator":{"id":"99924348-a0d3-45bb-a934-faf0548e2de5","type":"User","tenantId":"72f988bf-86f1-41af-91ab-2d7cd011db47"},"provisioningMethod":"FromDefinition","failureAlertSubscription":true,"clientLastModifiedTime":"2022-06-28T20:48:57.9093728Z"},"$schema":"https://schema.management.azure.com/providers/Microsoft.Logic/schemas/2016-06-01/workflowdefinition.json#","contentVersion":"1.0.0.0","parameters":{"$connections":{"defaultValue":{},"type":"Object"},"$authentication":{"defaultValue":{},"type":"SecureObject"}},"staticResults":{"Send_an_email_(V2)0":{"status":"Succeeded","outputs":{"statusCode":"OK","headers":{}}}},"triggers":{"When_a_work_item_is_updated":{"recurrence":{"frequency":"Minute","interval":1},"splitOn":"@triggerOutputs()?['body/value']","metadata":{"operationMetadataId":"708ca53e-07ae-4b39-8e0d-91e9a8834c63"},"type":"OpenApiConnection","inputs":{"host":{"apiId":"/providers/Microsoft.PowerApps/apis/shared_visualstudioteamservices","connectionName":"shared_visualstudioteamservices","operationId":"OnWorkItemUpdatedV2"},"parameters":{"account":"rjayaprakash0246","project":"BoardsDemoProject","wiql__System_WorkItemType":"Task","areaPathComparison":"Equals","iterationPathComparison":"Equals"},"authentication":"@parameters('$authentication')"},"conditions":[]}},"actions":{"Initialize_variable":{"runAfter":{"Compose":["Succeeded"]},"metadata":{"operationMetadataId":"1be7909e-78b0-4153-b642-c91b65dac92f"},"type":"InitializeVariable","inputs":{"variables":[{"name":"toAddress","type":"string","value":"@triggerOutputs()?['body/fields/Custom_CustomApproval']"}]}},"Condition":{"actions":{"Send_an_email_(V2)":{"runAfter":{},"metadata":{"operationMetadataId":"b5a5280a-2eb3-4d7e-8ab6-272e08b3673a"},"type":"OpenApiConnection","inputs":{"host":{"apiId":"/providers/Microsoft.PowerApps/apis/shared_office365","connectionName":"shared_office365","operationId":"SendEmailV2"},"parameters":{"emailMessage/To":"@substring( variables('toAddress'), variables('startPos'), variables('lenEmail'))","emailMessage/Subject":"Test","emailMessage/Body":"<p>Test mail from ADO automation</p>"},"authentication":"@parameters('$authentication')"},"runtimeConfiguration":{"staticResult":{"staticResultOptions":"Disabled","name":"Send_an_email_(V2)0"}}}},"runAfter":{"Get_Length_":["Succeeded"]},"else":{"actions":{"Terminate":{"runAfter":{},"metadata":{"operationMetadataId":"9c51df6c-5b24-4000-a61b-7189a01457ac"},"type":"Terminate","inputs":{"runStatus":"Succeeded"}}}},"expression":{"not":{"equals":["@variables('toAddress')","@null"]}},"metadata":{"operationMetadataId":"60a11196-0c02-4552-87c0-d07b4da996b6"},"type":"If"},"Compose":{"runAfter":{},"metadata":{"operationMetadataId":"14fcf5d4-e753-4a7d-ba75-353849b004d9"},"type":"Compose","inputs":" @{triggerOutputs()?['body']}@{triggerOutputs()?['body/fields']}"},"Find_text_position":{"runAfter":{"Initialize_variable":["Succeeded"]},"metadata":{"operationMetadataId":"83965329-a968-4fb0-9e92-d18ef253469c"},"type":"Expression","kind":"IndexOf","inputs":{"text":"@variables('toAddress')","searchText":"<"}},"Get_Length_":{"runAfter":{"Get_StartPosition":["Succeeded"]},"metadata":{"operationMetadataId":"4eaa81f7-c672-494a-a269-2fe9bfdfa8d7"},"type":"InitializeVariable","inputs":{"variables":[{"name":"lenEmail","type":"integer","value":"@sub (sub (length(variables('toAddress')) , variables('startPos')), 1)"}]}},"Get_StartPosition":{"runAfter":{"Find_text_position":["Succeeded"]},"metadata":{"operationMetadataId":"5df424b7-a158-427b-a68e-6b9109aecb13"},"type":"InitializeVariable","inputs":{"variables":[{"name":"startPos","type":"integer","value":"@add(outputs('Find_text_position')?['body'] , 1)"}]}}}},"connectionReferences":{"shared_office365":{"connectionName":"shared-office365-2e5e6b3c-7b49-430c-9335-bc7a9b0659cf","source":"Embedded","id":"/providers/Microsoft.PowerApps/apis/shared_office365","tier":"NotSpecified"},"shared_visualstudioteamservices":{"connectionName":"shared-visualstudiot-a6695110-3099-4442-b99f-7eb520331f53","source":"Embedded","id":"/providers/Microsoft.PowerApps/apis/shared_visualstudioteamservices","tier":"NotSpecified"}},"flowFailureAlertSubscribed":false,"isManaged":false}}